SET FOREIGN_KEY_CHECKS = 0;

DROP TABLE IF EXISTS `quiz`;

CREATE TABLE `quiz` (
  `id` INT PRIMARY KEY NOT NULL AUTO_INCREMENT,
  `title` varchar(120) NOT NULL,
  `icon` varchar(300) NOT NULL
);

INSERT INTO `quiz` (title, icon) VALUES ("Se connecter", "src/assets/tutorial-category-img/connected.svg"), ("Utiliser un ordinateur", "src/assets/tutorial-category-img/currentlife.svg"), ("Vie courante", "src/assets/tutorial-category-img/desktop.svg");

DROP TABLE IF EXISTS `question`;

CREATE TABLE `question` (
    `id` INT PRIMARY KEY NOT NULL AUTO_INCREMENT,
    `question` varchar(255) NOT NULL,
    `quiz_id` int,
    FOREIGN KEY (`quiz_id`) REFERENCES `quiz`(`id`)
);

INSERT INTO `question` (question, quiz_id) VALUES ("Quel équipement est nécessaire pour se connecter à internet ?", 1), ("Comment se connecter à internet à partir d'un appareil compatible ?", 1), ("Comment vérifier si vous êtes connecté à internet ?", 1), ("Quels sont les désagréments de se connecter à un hotspot wifi public ?", 1), ("Comment se connecter aux différents services publics via France Connect ?", 1), ("Quel est l'un des avantages de l'utilisation du numérique dans la vie courante ?", 2), ("Comment utilise-t-on le numérique pour accéder à des informations sur n'importe quel sujet ?", 2), ("Quel est un moyen d'utiliser le numérique pour gérer son quotidien ?", 2), ("Quel est un moyen d'utiliser le numérique pour accéder à des informations sur n'importe quel sujet ?", 2), ("Quel est un moyen d'utiliser le numérique pour acheter des produits et des services en ligne ?", 2), ("Comment allumer un ordinateur ?", 3), ("Comment déverrouiller un ordinateur ?", 3), ("Qu'est-ce que le CPU dans un ordinateur ?", 3), ("Comment éteindre un ordinateur ?", 3), ("Quelle est la fonction d'une imprimante ?", 3);

DROP TABLE IF EXISTS `response`;

CREATE TABLE `response` (
    `id` INT PRIMARY KEY NOT NULL AUTO_INCREMENT,
    `content` varchar(255) NOT NULL,
    `isCorrect` tinyint(1) NOT NULL DEFAULT 0,
    `question_id` int,
    FOREIGN KEY (`question_id`) REFERENCES `question`(`id`)
);

INSERT INTO `response` (content, isCorrect, question_id) VALUES ("Un ordinateur portable", 0, 1), ("Une carte SIM",0, 1), ("Un modem ou un routeur", 1, 1), ("Un téléviseur", 0, 1), ("En utilisant un câble HDMI", 0, 2), ("En utilisant un câble Ethernet", 1, 2), ("En utilisant un câble USB", 0, 2), ("En utilisant le Bluetooth", 0, 2), ("En allumant le modem ou le routeur", 0, 3), ("En ouvrant un navigateur internet et en entrant l'adresse d'un site web", 1, 3), ("En appelant votre fournisseur de services internet", 0, 3), ("En branchant le câble Ethernet à l'ordinateur", 0, 3), ("La connexion est gratuite", 0, 4), ("Le temps de connexion est illimité", 0, 4), ("La connexion sans fil est rapide", 0, 4), ("La connexion est souvent lente et peut poser des problèmes pour l'échange de fichiers lourds, il y a des coupures et les réseaux sont rarement sécurisés.", 1, 4), ("En téléchargeant l'application adéquate", 1, 5), ("En se rendant sur le site internet dédié", 1, 5), ("En utilisant un compte Facebook", 0, 5), ("En utilisant un numéro de téléphone portable", 0, 5), ("Permet de communiquer avec vos proches", 1, 6), ("Permet de voler de l'argent en ligne", 0, 6), ("Permet de voyager dans le temps", 0, 6), ("Permet de se téléporter", 0, 6), ("En utilisant un miroir magique", 0, 7), ("En utilisant un moteur de recherche comme Google", 1, 7), ("En demandant à un ami", 0, 7), ("En utilisant un livre de sorts", 0, 7), ("En utilisant un calendrier pour planifier ses rendez-vous", 1, 8), ("En utilisant des applications de messagerie comme WhatsApp", 0, 8), ("En utilisant des applications de paiement mobile comme Google Pay", 0, 8), ("En utilisant des applications de suivi de santé pour suivre son activité physique et son alimentation", 1, 8), ("En utilisant un moteur de recherche comme Google", 1, 9), ("En utilisant des applications de messagerie comme WhatsApp", 0, 9), ("En utilisant des applications de paiement mobile comme Google Pay", 0, 9), ("En utilisant des applications de suivi de santé pour suivre son activité physique et son alimentation", 0, 9), ("En se rendant dans le supermarché du coin", 0, 10), ("En utilisant des sites de vente en ligne comme Amazon", 1, 10), ("En rédigeant des messages sur un éditeur de texte type Microsoft Word", 0, 10), ("En téléchargeant une image sur mon profil Ligne Bleue", 0, 10), ("En appuyant sur le bouton d'alimentation situé généralement à l'avant de l'ordinateur", 1, 11), ("En criant très fort 'Allume toi !'", 0, 11), ("En cliquant sur le bouton 'Démarrer' sa souris", 0, 11), ("En lui donnant un bisou sur le nez", 0, 11), ("En restant appuyé sur le bouton d'alimentation", 0, 12), ("En brisant l'écran pour accéder à l'intérieur", 0, 12), ("En utilisant des logiciels malveillants pour pirater le système", 0, 12), ("En utilisant le clavier pour saisir un nom d'utilisateur et un mot de passe, et en appuyant sur 'Entrée' ou sur 'OK'", 1, 12), ("C'est le lieu où l'ordinateur range ses lunettes", 0, 13), ("C'est le bouton qui sert à éteindre l'ordinateur", 0, 13), ("C'est le 'cerveau' de l'ordinateur, il traite les données et exécute les instructions", 1, 13), ("C'est la personne qui s'occupe de nettoyer l'ordinateur", 0, 13), ("En cliquant sur le bouton 'Démarrer' en bas à gauche de l'écran, puis en sélectionnant 'Eteindre' et en confirmant en cliquant sur 'Eteindre' lorsque vous y êtes invité", 1, 14), ("En appuyant sur le bouton d'alimentation, généralement situé à l'arrière ou sur le côté de l'ordinateur
", 0, 14), ("En disant 'Au revoir, ordinateur'", 0, 14), ("En le débranchant", 0, 14), ("C'est un périphérique utilisé pour jouer des musiques", 0, 15), ("C'est un périphérique utilisé pour regarder des films", 0, 15), ("C'est un périphérique utilisé pour faire des calculs", 0, 15), ("C'est un périphérique utilisé pour imprimer des documents ou des images", 1, 15);

DROP TABLE IF EXISTS `tuto`;

CREATE TABLE `tuto` (
  `id` INT PRIMARY KEY NOT NULL AUTO_INCREMENT,
  `title` varchar(120) NOT NULL,
  `short_description` varchar(200) NOT NULL,
  `introduction_text` varchar(800) NOT NULL,
  `category_id` int NOT NULL,
  `creationDate` timestamp NULL DEFAULT CURRENT_TIMESTAMP,
  `position` int DEFAULT NULL,
  FOREIGN KEY (`category_id`) REFERENCES `category` (`id`)
);

INSERT INTO `tuto` VALUES 
(1,'Les étapes de la connexion','Découvrez les étapes de la connexion à internet','<p>Vous trouverez dans ce tutoriel les étapes nécessaires de la connexion à internet.</p><p>Il s’agit ici d’un tutoriel très général qui vous donnera une vue d’ensemble des étapes à réaliser.</p><p><br></p><p><u style=\"color: rgb(0, 61, 165);\">Les pré-requis :</u></p><ul><li>Un appareil compatible (smartphone, tablette, ordinateur etc.)</li><li>Un modem, ou routeur d’accès à internet (fourni par votre fournisseur d’accès)</li></ul><p><br></p>',1,'2023-01-04 19:02:57',NULL),
(2,'L\'utilisation du numérique dans la vie courante','Découvrez l\'apport du numérique au quotidien','<p>L’utilisation du numérique se fait au quotidien de nos jours. Mais à quoi celui-ci sert-il ? Dans ce tutoriel nous vous aiguillerons sur toutes les possibilités qu’offre le numérique !</p><p><br></p><p><u style=\"color: rgb(0, 61, 165);\">Les pré-requis :</u></p><ul><li>Aucun</li></ul><p><br></p>',2,'2023-01-16 21:11:00',NULL),
(3,'Le B.A.-BA du smartphone','<p>Apprenez à connaître votre smartphone</p>','<p>Ce tutoriel vous guidera étape par étape pour apprendre à utiliser les fonctionnalités de base de votre téléphone, telles que passer et répondre à des appels, envoyer des messages et accéder à d\`autres applications.</p><p><br></p><p><u style=\"color: rgb(0, 61, 165);\">Les pré-requis :</u></p><ul><li>Un smartphone ou une tablette “cellulaire”</li></ul><p><br></p>',12,'2023-01-16 21:18:17',NULL),
(4,'Le B.A.-BA de l’ordinateur','<p>Découvrez l\'essentiel de l\'ordinateur</p>','<p>Ce tutoriel vous guidera étape par étape pour apprendre à utiliser les fonctionnalités de base de votre ordinateur.</p><p><br></p><p><u style=\"color: rgb(0, 61, 165);\">Les pré-requis :</u></p><ul><li>Un ordinateur</li></ul><p><br></p>',3,'2023-01-16 21:21:56',NULL),
(5,'La sécurité et le numérique','<p>Parlons \"sécurité\"</p>','<p>La sécurité est importante dans la vie de tous les jours, dans le monde réel ou en ligne ! Découvrez dans ce tutoriel quelques éléments sur lesquels il est important d’être attentif.</p><p><br></p><p><u style=\"color: rgb(0, 61, 165);\">Les pré-requis :</u></p><ul><li>Aucun</li></ul><p><br></p>',11,'2023-01-16 21:25:43',NULL),
(6,'Le Pix','<p>Découvrez le Pix ! </p>','<p>Le Pix est un site qui vous permet d’évaluer votre niveau de maîtrise du numérique mais aussi de progresser et de passer des certifications !</p><p><br></p><p><u style=\"color: rgb(0, 61, 165);\">Les pré-requis :</u></p><ul><li>ordinateur</li><li>connexion internet</li></ul><p><br></p>',5,'2023-01-16 21:35:05',NULL),(7,'Se connecter à un wifi public','<p>Comment accéder à un wifi public</p>','<p>Les points d\'accès à des WIFI publics vous permettent d\'accéder à internet de manière simple,</p><p>et le plus souvent gratuit ! </p><p><br></p><p><u style=\"color: rgb(0, 61, 165);\">Les pré-requis :</u></p><ul><li>ordinateur</li><li>smartphone</li><li>tablette</li></ul>',1,'2023-01-16 21:46:14',NULL),(8,'France Connect','<p>France Connect vous permets d\'accéder aux diverses applications du service public</p>','<p>Afin d\'accéder aux diverses applications du service public, il existe France Connect ! </p><p><br></p><p><u style=\"color: rgb(0, 61, 165);\">Les pré-requis : </u></p><ul><li>Une connexion internet</li><li>Un appareil connecté</li></ul>',1,'2023-01-16 21:55:48',NULL),(9,'Oh non ! Je suis une erreur','<p>Je ne devrais pas être ici</p>','<p>Cette introduction est bien trop courte ...</p>',5,'2023-01-16 22:00:05',NULL),(10,'Les étapes de la connexion à un wifi privé','<p>Apprendre à se connecter à un wifi privé</p>','<p>Vous trouverez dans ce tutoriel les étapes nécessaires pour vous connecter à un réseau wifi privé.</p><p><br></p><p><u style=\"color: rgb(0, 61, 165);\">Les pré-requis :</u></p><ul><li>Un appareil compatible (smartphone, tablette, ordinateur etc.)</li><li>Le nom et le mot de passe du réseau wifi privé</li></ul>',1,'2023-01-21 23:26:04',NULL),(11,'Connexion d\'une tablette à internet : les étapes à suivre','<p>Connectez votre tablette</p>','<p>Vous trouverez dans ce tutoriel les étapes nécessaires pour connecter votre tablette à internet.</p><p><br></p><p><span style=\"color: rgb(0, 61, 165);\">Les pré-requis :</span></p><ul><li>Une tablette compatible</li><li>Un modem ou routeur d\'accès à internet (fourni par votre fournisseur d\'accès)</li></ul>',1,'2023-01-21 23:29:13',NULL),
(12,'Vérifier sa connexion internet : les étapes à suivre','<p>Vérifiez vos équipements</p>','<p>Apprenez dans ce tutoriel à vérifier votre connexion internet ! N\'hésitez pas à consulter ce tutoriel à tout moment ! </p><p><br></p><p><u style=\"color: rgb(0, 61, 165);\">Pré-requis : </u></p><ul><li> Fournisseur internet</li><li>Appareil connecté</li></ul>',1,'2023-01-21 23:32:08',NULL),(13,'Utilisation de WhatsApp : les étapes à suivre','<p>Connaissez-vous WhatsApp ?</p>','<p>WhatsApp est une application vous permettant de correspondre avec votre entourage ! </p><p>Découvrez comment l\'utiliser ! </p><p><br></p><p><u style=\"color: rgb(0, 61, 165);\">Pré-requis : </u></p><ul><li>Une connexion internet</li><li>Un téléphone ou appareil connecté</li></ul>',8,'2023-01-21 23:36:06',NULL),(14,'Accéder au savoir : les étapes à suivre','<p>Internet regorge de connaissances à portée de main ! </p>','<p>Internet regorge de connaissances à portée de main !  Découvrez comment y accéder.</p><p><br></p><p><u style=\"color: rgb(0, 61, 165);\">Les pré-requis : </u></p><ul><li>un appareil connecté</li><li>une connexion internet</li></ul>',2,'2023-01-22 08:08:34',NULL),(15,'La télé-médecine : une solution pour tous ! ','<p>La télé-médecine, un nouveau mode de consultation</p>','<p>Découvrez un nouveau mode de consultation qui s\'est mis en place ces dernières années, permettant l\'accès à des consultations depuis chez soi ! </p>',2,'2023-01-22 08:15:26',NULL),(16,'Initiez-vous au numérique !','<p>Approfondissez vos connaissances aux travers des ateliers numériques !</p>','<p>Approfondissez vos connaissances aux travers des ateliers numériques !</p><p>N\'hésitez pas à vous renseignez auprès des instances publiques de votre Région. </p><p>En attendant, on vous explique : </p><p><br></p><p><u style=\"color: rgb(0, 61, 165);\">Pré-requis : aucun ! </u></p>',2,'2023-01-22 08:18:46',NULL),(17,'Les éléments principaux d\'un ordinateur','<p>Découvrez comment se compose un ordinateur</p>','<p>Voici un court tutoriel pour vous décrire les différents éléments qui composent un ordinateur ! </p>',3,'2023-01-22 08:22:10',NULL),(18,'Les périphériques','<p>Découvrez les différents types de périphériques ! </p>','<p>Vous possédez un ordinateur ? Sachez que vous pouvez y relier différents accessoires pour gagner en fonctionnalités ! On en parle juste ici.</p>',3,'2023-01-22 08:27:47',NULL),(19,'Branchez votre imprimante','<p>Un tutoriel pour vous accompagner.</p>','<p>Découvrez comment brancher votre imprimante à votre ordinateur ! </p><p><br></p><p><u style=\"color: rgb(0, 61, 165);\">Les pré-requis : </u></p><ul><li>Un ordinateur</li><li>Une imprimante</li></ul>',3,'2023-01-22 08:30:48',NULL),(20,'Vos démarches numériques','<p>Découvrez des informations sur les démarches numériques</p>','<p>Découvrez des informations sur les démarches numériques</p>',4,'2023-01-22 08:34:28',NULL),(21,'Comment être accompagné ?','<p>Des médiateurs proposent des appuis partout en France ! </p>','<p><span style=\"background-color: rgb(255, 255, 255); color: rgb(58, 58, 58);\">Partout en France, des médiateurs proposent un appui aux personnes âgées qui ont besoin d’aide pour réaliser une démarche administrative sur internet. Au-delà d’un appui ponctuel, des ateliers permettent de se familiariser avec d’autres utilités d’internet (communiquer avec ses proches…). Une fois les pratiques de base acquises, des ressources existent pour aider à s’équiper et à choisir du matériel informatique.</span></p>',4,'2023-01-22 08:36:39',NULL),(22,'Comment s’équiper de matériel informatique ?','<p>Faites vous accompagner.</p>','<p>Vous vous êtes familiarisé avec le numérique et internet dans le cadre d’ateliers. Vous avez maintenant envie de vous équiper de matériel pour pouvoir mettre en pratique chez vous ce que vous avez appris.</p><p><br></p>',4,'2023-01-22 08:39:20',NULL),(23,'Solidarité numérique : centre d\'appel ','<p>Un centre d’appel pour les personnes qui n’ont pas accès à Internet</p><p><br></p>','<p>Un centre d’appel pour les personnes qui n’ont pas accès à Internet</p><p><br></p>',4,'2023-01-22 08:43:44',NULL),(24,'L\'identité numérique','<p>En connaître davantage sur l\'identité numérique</p>','<p>Apprenez-en plus sur l\'identité numérique </p>',5,'2023-01-22 08:48:13',NULL),(25,'Protéger votre vie privée en ligne : les étapes à suivre','<p>Comprendre les risques pour la vie privée en ligne</p>','<p>Il existe de nombreux risques pour la vie privée en ligne, tels que le suivi en ligne, le vol d\'identité et les fuites de données</p><p><br></p>',5,'2023-01-22 08:51:01',NULL),(26,'Gestionnaires de mails','<p>Un aperçu des différents gestionnaires de mails.</p>','<p>Découvrez un aperçu des différentes gestionnaires de mails ! </p>',6,'2023-01-22 08:58:06',NULL),(27,'Créer une adresse e-mail','<p>Découvrez comment créer une nouvelle adresse e-mail</p>','<p>Découvrez comment créer une nouvelle adresse e-mail</p>',6,'2023-01-22 09:00:07',NULL),(28,'Envoyez votre premier e-mail','<p>Les étapes à suivre pour envoyer votre premier e-mail !</p>','<p>Vous avez désormais une adresse e-mail. Découvrez maintenant comment envoyer votre premier e-mail ! </p>',6,'2023-01-22 09:05:40',NULL),(29,'Détectez les mails frauduleux','<p>Attention aux mails frauduleux ! </p>','<p>Attention aux mails frauduleux ! </p>',6,'2023-01-22 09:07:42',NULL),(30,'Les différents types de médias','<p>Découvrez les différents types de médias</p>','<p>Découvrez les différents types de médias</p>',7,'2023-01-22 09:09:12',NULL),(31,'Qu\'est-ce que Youtube ?','<p>Apprenez-en plus sur Youtube</p>','<p>Qu\'est-ce que Youtube ? Pourquoi s\'en servir ? </p><p><br></p><p><u style=\"color: rgb(0, 61, 165);\">Les pré-requis : </u></p><ul><li>Une connexion internet</li><li>Un appareil connecté</li></ul>',7,'2023-01-22 09:11:43',NULL),(32,'Télécharger des médias sur son appareil','<p>Comment télécharger des médias sur votre appareil.</p>','<p>Comment télécharger des médias sur votre appareil.</p>',7,'2023-01-22 09:15:21',NULL),(33,'Qu\'est-ce qu\'un SMS','<p>Connaissez-vous les SMS ?</p>','<p>Découvrez dans ce tutoriel ce qu\'est un SMS.</p><p><br></p><p><u style=\"color: rgb(0, 61, 165);\">Les pré-requis : </u></p><ul><li>Un téléphone portable</li></ul>',8,'2023-01-22 09:19:35',NULL),(34,'Messagerie instantanée ','<p>Qu\'est-ce qu\'une messagerie instantanée ?</p>','<p>Découvrez les différentes plateformes de messagerie instantanée</p>',8,'2023-01-22 09:22:43',NULL),(35,'Se déplacer sur internet : découvrez les options d\'aide disponibles','<p><span style=\"color: black;\">Les moteurs de recherche, tels que Google, Bing ou Yahoo, sont un outil essentiel pour naviguer sur internet.</span></p>','<p>Les moteurs de recherche, tels que Google, Bing ou Yahoo, sont un outil essentiel pour naviguer sur internet.</p>',10,'2023-01-22 09:25:48',NULL),(36,'Google Maps - Aide au déplacement','<p><span style=\"color: black;\">Voici un tutoriel sur l\'utilisation de Google Maps pour planifier des déplacements en utilisant les lignes de bus :</span></p>','<p>Voici un tutoriel sur l\'utilisation de Google Maps pour planifier des déplacements en utilisant les lignes de bus :</p>',9,'2023-01-22 09:30:55',NULL),(37,'Le GPS ','<p>Le GPS, ça vous parle ? Généralement disponible dans les véhicules, celui-ci se retrouve aussi sur votre téléphone ! </p>','<p>Le GPS, ça vous parle ? Généralement disponible dans les véhicules, celui-ci se retrouve aussi sur votre téléphone !</p>',9,'2023-01-22 09:33:57',NULL);


DROP TABLE IF EXISTS `user`;

CREATE TABLE `user` (
  `id` INT PRIMARY KEY NOT NULL AUTO_INCREMENT,
  `firstname` varchar(255) NOT NULL,
  `lastname` varchar(255) NOT NULL,
  `email` varchar(320) NOT NULL UNIQUE,
  `hashedPassword` varchar(255) NOT NULL,
  `phone` varchar(16) DEFAULT NULL UNIQUE,
  `profilePicture` varchar(255) DEFAULT NULL,
  `level` int NOT NULL DEFAULT 1,
  `admin` tinyint(1) NOT NULL DEFAULT 0,
  `creationDate` timestamp NULL DEFAULT CURRENT_TIMESTAMP,
  `passwordToken` varchar(200)
);

INSERT INTO `user` (firstname, lastname, email, hashedPassword, phone, profilePicture, level, admin, creationDate) VALUES  ('Chloé','Bidau','chloebidau@hotmail.fr','$argon2id$v=19$m=65536,t=5,p=1$LUUgzhG3HKC2h3WiHdA25Q$fVVEe8DVvBO3hYRD9WYc6qeLj/Kdv6dZvIdZatvYFD4','0647067609',NULL,0,1,'2023-01-04 13:28:00'),('Marion','Lalonde','marionmizulalonde@gmail.com','$argon2id$v=19$m=65536,t=5,p=1$s96L8bP5O6Ab6f3FwKuHew$/6oWd2Ku1MAob+EMW+Zq4kYRQLaSCTICEkh2lCxEVDs','0666666666',NULL,0,1,'2023-01-04 13:29:49'),('Quentin','Ferrari','ferrari.quentinjunk@gmail.com','$argon2id$v=19$m=65536,t=5,p=1$8e99p30BTyV3jFeNqXbl4g$OKMm5dbzVVInNtho10ame5GtQBwiD7BEkYR5LJCJdFo','0666666667',NULL,0,1,'2023-01-04 13:32:15'),('Arnaud','Champetier','arnaud.champetier9@gmail.com','$argon2id$v=19$m=65536,t=5,p=1$YjQIWCeIwIoOXyzdJzfTkQ$g3IcRsacHrxIgI2VkgPhYsVEH2gNfP1wWE/+yso7vL4','0668008148',NULL,0,1,'2023-01-04 13:33:46'),('Morgan','Mezaache','mezaache.morgan@gmail.com','$argon2id$v=19$m=65536,t=5,p=1$TmX/JwKdELgBCAmJmvf4PA$LeB4KpX1gdJ/e8IraYpDGNV1t2NOATqQpLTVkvz08bQ','0761167419',NULL,0,1,'2023-01-04 13:36:24'),('toto','toto','toto@toto','$argon2id$v=19$m=65536,t=5,p=1$ZsWbC2zbDPLihAEr9yZkYA$vZOhroy/wQKhIcSGIdLy3mNqSYxd0LpjCVwhY9k1Qm4','1234567890',NULL,1,0,'2023-01-10 15:27:36'),
('Jane','Austen','janeausten@gmail.com','$argon2id$v=19$m=65536,t=5,p=1$4cXuCobA1HmB1aoMr98bhA$RIBFYHZ1RyJreYyeQW/bmmMB8x1EB+0tnJ4Udd6DEWo','1234333390',NULL,1,0,'2023-01-10 15:27:36'),
('Emilie','Bronte','emiliebronte@gmail.com','$argon2id$v=19$m=65536,t=5,p=1$4cXuCobA1HmB1aoMr98bhA$RIBFYHZ1RyJreYyeQW/bmmMB8x1EB+0tnJ4Udd6DEWo','1223367890',NULL,1,0,'2023-01-10 15:27:36'),
('Tamara','Yolenda','tatayoyo@gmail.com','$argon2id$v=19$m=65536,t=5,p=1$E+UcFfKI3b7m9QrAFVyClA$RzFb36BWFBzvRgCRj8oKBMgQOQZc+dwcjZiRbErwg5Q','0102030406',NULL,1,0,'2023-01-22 10:05:54');

DROP TABLE IF EXISTS `category`;

CREATE TABLE `category` (
  `id` INT PRIMARY KEY NOT NULL AUTO_INCREMENT,
  `name` varchar(120) NOT NULL,
  `icon` varchar(300) NOT NULL,
  `position` int NOT NULL
);
INSERT INTO `category` (name, icon, position) VALUES ('Se connecter','src/assets/tutorial-category-img/connected.svg',1),('Vie courante','src/assets/tutorial-category-img/currentlife.svg',2),('Utiliser un ordinateur','src/assets/tutorial-category-img/desktop.svg',3),('Se faire aider','src/assets/tutorial-category-img/getHelped.svg',4),('Aller plus loin','src/assets/tutorial-category-img/going.svg',5),('Mails','src/assets/tutorial-category-img/mails.svg',6),('Médias','src/assets/tutorial-category-img/media.svg ',7),('Messages','src/assets/tutorial-category-img/message.svg',8),('Se déplacer','src/assets/tutorial-category-img/navigate.svg',9),('Naviguer sur internet','src/assets/tutorial-category-img/navigateinternet.svg',10),('Sécurité','src/assets/tutorial-category-img/security.svg',11),('Utiliser son téléphone','src/assets/tutorial-category-img/usephone.svg',12);

DROP TABLE IF EXISTS `tutorialStatus`;

CREATE TABLE `tutorialStatus` (
  `tuto_id` int NOT NULL,
  `user_id` int NOT NULL,
  `status` nvarchar(50),
  FOREIGN KEY (tuto_id) REFERENCES tuto(id),
  FOREIGN KEY (user_id) REFERENCES user(id)
);

INSERT INTO `tutorialStatus` VALUES (15,2,'started'),(35,2,'started'),(3,2,'started'),(3,9,'finished'),(5,9,'finished'),(29,9,'finished'),(28,9,'finished'),(30,9,'finished'),(33,9,'finished'),(13,9,'finished'),(36,9,'started'),(1,9,'finished'),(4,9,'finished'),(19,9,'finished'),(17,9,'finished'),(18,9,'finished');

DROP TABLE IF EXISTS `stepper`;

CREATE TABLE `stepper` (
  `id` INT PRIMARY KEY NOT NULL AUTO_INCREMENT,
  `positionStep` int NOT NULL,
  `content` varchar(10000) NOT NULL,
  `tuto_id` int,
  FOREIGN KEY (tuto_id) REFERENCES tuto(id)
);

INSERT INTO `stepper` (positionStep, content, tuto_id) VALUES 
(1,'<p><strong style=\"color: rgb(0, 61, 165);\">💻 Étape 1 - Appareils de connexion</strong></p><p><br></p><p>Assurez-vous de disposer d\'un appareil compatible avec internet, comme un <strong>ordinateur</strong>, une <strong>tablette</strong> ou un <strong>smartphone</strong>.</p><p>Vous aurez également besoin d\'un modem ou d\'un routeur qui sera connecté à votre appareil et à votre ligne téléphonique ou à votre connexion haut débit (par exemple, une connexion fibre optique).</p><p>Si vous ne disposez pas de ces équipements, vous devrez les acheter ou les louer auprès de votre fournisseur de services internet.</p>',1),(2,'<p><strong style=\"color: rgb(0, 61, 165);\">🌎 Étape 2 - Se connecter</strong></p><p><br></p><p>Connectez votre appareil à votre modem ou à votre routeur en utilisant un câble Ethernet ou en utilisant le wifi.</p><p>Si vous utilisez le wifi, assurez-vous que votre appareil est configuré pour se connecter au réseau wifi de votre modem ou de votre routeur.</p>',1),(3,'<p><strong style=\"color: rgb(0, 61, 165);\">✅ Étape 3 - Vérifier sa connexion</strong></p><p><br></p><p>Ouvrez votre navigateur internet (par exemple, Google Chrome, Mozilla Firefox ou Safari) et entrez l\'adresse d\'un site web dans la barre d\'adresse. Si vous parvenez à accéder au site web, cela signifie que vous êtes connecté à internet ! <span style=\"color: rgb(0, 61, 165);\">Félicitations</span> !</p><p>Si vous rencontrez des problèmes de connexion, assurez-vous que votre modem ou votre routeur est allumé et que les câbles sont correctement branchés. Vous devriez également vérifier que vous avez bien souscrit à un abonnement internet auprès de votre fournisseur de services internet.</p>',1),(4,'<p><strong style=\"color: rgb(0, 61, 165);\">🛠️ Étape 4 - Configuration nécessaire</strong></p><p><br></p><p>Si vous ne parvenez toujours pas à vous connecter à internet, vous devrez peut-être configurer votre connexion. Pour ce faire, ouvrez les paramètres de votre appareil et accédez à la section \"<strong>Connexion à internet</strong>\" ou \"<strong>Réseau</strong>\".</p><p>Vous devriez y trouver des options pour configurer votre connexion wifi ou Ethernet. Suivez les instructions à l\'écran pour configurer votre connexion. Si vous rencontrez toujours des problèmes, vous devriez contacter votre fournisseur de services internet pour obtenir de l\'aide.</p>',1),(1,'<p><strong style=\"color: rgb(0, 61, 165);\">?🗣️ Étape 1 - Communiquer avec vos proches</strong></p><p><br></p><p>Vous pouvez utiliser le numérique pour communiquer avec vos proches, que ce soit par email, par message instantané ou en utilisant des applications de messagerie comme WhatsApp ou Messenger !</p><p>Vous pouvez également utiliser les réseaux sociaux pour rester en contact avec vos amis et votre famille et partager des photos et des vidéos.</p><p><br></p><p><em style=\"color: rgb(0, 61, 165);\">Vous retrouverez d’ailleurs tous les tutoriels nécessaires pour communiquer pour partager vos photos !</em></p>',2),(2,'<p><strong style=\"color: rgb(0, 61, 165);\">ℹ️ Étape 2 - Accéder à l’information</strong></p><p><br></p><p>Vous pouvez utiliser le numérique pour accéder à des informations sur n\'importe quel sujet, que ce soit pour vos loisirs ou pour votre travail.</p><p>Vous pouvez utiliser un moteur de recherche comme Google pour trouver des articles, des vidéos ou des images sur un sujet qui vous intéresse.</p><p>Attention toutefois à vérifier vos sources, on trouve de tout sur internet !</p>',2),(3,'<p><strong style=\"color: rgb(0, 61, 165);\">🛒 Étape 3 - Faire des achats en ligne</strong></p><p><br></p><p>Le numérique peut vous permettre d’acheter des produits et des services en ligne, que ce soit sur un site de vente en ligne comme Amazon ou sur un site de votre magasin local. Vous pouvez également utiliser votre smartphone pour payer vos achats en magasin en utilisant des applications de paiement mobile comme Google Pay ou Apple Pay.</p>',2),(4,'<p><strong style=\"color: rgb(0, 61, 165);\">📁 Étape 4 - Gérer votre quotidien</strong></p><p><br></p><p>Vous pouvez utiliser le numérique pour gérer votre vie quotidienne, que ce soit en utilisant un calendrier pour planifier vos rendez-vous ou en utilisant des applications de suivi de santé pour suivre votre activité physique et votre alimentation.</p><p>Vous pouvez également utiliser des applications de gestion de budget pour suivre vos dépenses et économiser de l\'argent.</p><p>Encore mieux ! désormais beaucoup de services publics proposent des applications disponibles afin de gérer vos droits, vos factures, vos impôts etc. Ils sont d’ailleurs de plus en plus courant et apparaissent comme la voie la plus rapide pour interagir avec les différents services.</p>',2),(1,'<p><strong style=\"color: rgb(0, 61, 165);\">📱 Étape 1 - Allumer son appareil</strong></p><p><br></p><p>Allumez votre téléphone en appuyant sur le bouton d\'alimentation, généralement situé sur le côté ou en haut du téléphone.</p><p><em style=\"color: rgb(0, 61, 165);\">N’hésitez pas à consulter la notice de votre appareil !</em></p>',3),(2,'<p><strong style=\"color: rgb(0, 61, 165);\">🔐 Étape 2 - Déverrouiller votre téléphone</strong></p><p><br></p><p>Si vous êtes invité à entrer un code de verrouillage, utilisez le clavier pour le saisir et appuyez sur \"OK\" ou sur \"Entrée\".</p><p><br></p><p><span style=\"color: rgb(0, 61, 165);\">Attention</span> : retenez votre code de verrouillage car celui-ci vous sera demandé à chaque redémarrage de votre appareil !</p>',3),(3,'<p><strong style=\"color: rgb(0, 61, 165);\">📞 Étape 3 - Passer un appel</strong></p><p><br></p><p>Vous êtes maintenant sur l’écran d’accueil de votre téléphone.</p><p>Pour passer un appel, appuyez sur l\'icône \"Phone\" ou \"Appel\" sur l\'écran d\'accueil. Cela vous amènera à l\'écran des contacts.</p><p>Généralement l’icône est représentée par un téléphone</p>',3),(4,'<p><strong style=\"color: rgb(0, 61, 165);\">⌨️ Étape 4 - L’utilisation du clavier</strong></p><p><br></p><p>Utilisez le clavier qui est apparu pour entrer le nom ou le numéro de téléphone de la personne à laquelle vous souhaitez parler, puis appuyez sur \"Appeler\" ou sur l\'icône de téléphone.</p>',3),(5,'<p><strong style=\"color: rgb(0, 61, 165);\">☎️ Étape 5 - Répondre à un appel</strong></p><p><br></p><p>Pour répondre à un appel entrant, appuyez sur le bouton \"<strong>Répondre</strong>\" ou sur l\'icône de téléphone. Pour mettre fin à l\'appel, appuyez sur le bouton \"<strong>Terminer</strong>\" ou sur l\'icône de téléphone.</p><p><br></p><p><span style=\"color: rgb(0, 61, 165);\">Attention</span>, certains téléphone demande de faire glisser l’icône pour raccrocher. Pour ceci, vérifier la notice de votre appareil.</p>',3),(6,'<p><strong style=\"color: rgb(0, 61, 165);\">✉️ Étape 6 - Envoyer un message</strong></p><p><br></p><p>Pour envoyer un message texte, appuyez sur l\'icône \"Messages\" ou \"SMS\" sur l\'écran d\'accueil. Sélectionnez le contact à qui vous souhaitez envoyer le message et utilisez le clavier pour écrire votre message.</p><p><br></p><p>Appuyez sur \"<strong>Envoyer</strong>\" pour envoyer le message.</p>',3),(1,'<p><strong style=\"color: rgb(0, 61, 165);\">💻 Étape 1 - Allumer son appareil</strong></p><p><br></p><p>Allumez votre ordinateur en appuyant sur le bouton d\'alimentation, généralement situé à l\'arrière ou sur le côté de l\'ordinateur.</p><p><br></p><p><em>N’hésitez pas à consulter la notice de votre appareil !</em></p>',4),(2,'<p><strong style=\"color: rgb(0, 61, 165);\">? Étape 2 - Déverrouiller votre ordinateur</strong></p><p><br></p><p>Si vous êtes invité à entrer un nom d\'utilisateur et un mot de passe, utilisez le clavier pour les saisir et appuyez sur \"Entrée\" ou sur \"OK\".</p><p><br></p><p><u style=\"color: rgb(0, 61, 165);\">Attention</u> : retenez votre nom d’utilisateur et mot de passe car celui-ci vous sera demandé à chaque redémarrage de votre appareil !</p>',4),(3,'<p><strong style=\"color: rgb(0, 61, 165);\">🖱️ Étape 3 - L’utilisation de la souris ou du pad</strong></p><p><br></p><p>Vous êtes maintenant sur l\'écran d\'accueil de votre ordinateur.</p><p>Vous pouvez utiliser la souris pour cliquer sur les icônes et les programmes que vous souhaitez ouvrir. Si votre ordinateur ne dispose pas de souris et est portable, vous pourrez utiliser le “pad” devant vous pour vous déplacer.</p><p><br></p><p>L’exercice peut sembler difficile dans un premier temps ! Pas d’inquiétude, allez-y à votre rythme.</p>',4),(4,'<p><strong style=\"color: rgb(0, 61, 165);\">💡 Étape 4 - Découvrir à son rythme</strong></p><p><br></p><p>Beaucoup de fonctionnalités sont disponibles sans vous connecter à internet.</p><p>Parcourez votre ordinateur à votre rythme… Vous y découvrirez une calculatrice, des dossiers, une corbeille etc…</p><p><br></p><p>Amusez-vous en découvrant !</p>',4),(5,'<p><strong style=\"color: rgb(0, 61, 165);\">🔍 Étape 5 - Rechercher des informations, parcourir le web.</strong></p><p><br></p><p>A partir de cette étape, une connexion à internet est obligatoire !</p><p>Pour ouvrir un navigateur web, comme Google Chrome ou Mozilla Firefox, cliquez sur l\'icône correspondante sur l\'écran d\'accueil ou sur le bureau</p>',4),(6,'<p><strong style=\"color: rgb(0, 61, 165);\">💻 Étape 6 - Éteindre son ordinateur</strong></p><p><br></p><p>Pour éteindre votre ordinateur, cliquez sur le bouton \"Démarrer\" en bas à gauche de l\'écran, puis sélectionnez \"Eteindre\". Confirmez en cliquant sur \"<strong>Eteindre</strong>\" lorsque vous y êtes invité.</p>',4),(1,'<p><strong style=\"color: rgb(0, 61, 165);\">🦹‍♂️ Les logiciels malveillants </strong></p><p><br></p><p>Les virus informatiques et les logiciels espions peuvent endommager votre ordinateur ou voler vos informations personnelles, comme vos mots de passe ou vos données financières.</p><p>Faites toujours attention à ce que vous téléchargez, vérifiez la source de vos téléchargements.</p><p>Ne cliquez pas sur des liens ou téléchargez des fichiers de sources douteuses.</p><p>Vous pouvez utiliser un logiciel de sécurité pour protéger votre ordinateur contre les virus et les logiciels espions.</p>',5),(2,'<p><strong style=\"color: rgb(0, 61, 165);\">🛡️ Protégez vos données personnelles</strong></p><p><br></p><p>Les cybercriminels peuvent essayer de vous tromper en vous envoyant des emails ou en créant des sites web qui semblent légitimes, mais qui sont en réalité des pièges pour voler vos informations.</p><p>Vos informations personnelles peuvent être utilisées à mauvais escient si elles tombent entre de mauvaises mains. Par exemple, vos données financières pourraient être utilisées pour faire des achats frauduleux ou votre identité pourrait être utilisée pour commettre des crimes.</p><p>Utilisez une connexion sécurisée (avec un cadenas à côté de l\'URL) lorsque vous effectuez des transactions financières ou que vous entrez des informations sensibles en ligne.</p><p>Configurez les paramètres de confidentialité de vos comptes de réseaux sociaux pour limiter les informations que vous partagez en ligne.</p><p><br></p><p><span style=\"color: rgb(0, 61, 165);\">Attention</span> : Il ne faut jamais transmettre votre mot de passe à des inconnus. Vérifiez les expéditeurs des mails et en cas de doute, n’hésitez pas à contacter les services compétents.</p>',5),(1,'<p><strong style=\"color: rgb(0, 61, 165);\">Étape 1 - Créez un compte</strong></p><p><br></p><p>Vous pouvez créez votre compte personnel, mesurez et améliorez votre niveau de maîtrise à partir de défis apprenants et ludiques.</p><p>Ce contenu est totalement gratuit ! Profitez-en</p>',6),(2,'<p><strong style=\"color: rgb(0, 61, 165);\">Étape 2 - Progressez à votre rythme</strong></p><p><br></p><p>Développez des compétences numériques fondamentales pour votre vie personnelle, professionnelle et citoyenne.</p>',6),(3,'<p><strong style=\"color: rgb(0, 61, 165);\">Étape 3 - Valoriser vos compétences</strong></p><p><br></p><p>Vous pouvez passer la Certification Pix (éligible au CPF) et valorisez vos compétences numériques sur votre CV.</p>',6),(1,'<p><strong style=\"color: rgb(0, 61, 165);\">ℹ️ Qu\'est-ce qu\'un hotspot WiFi  ?</strong></p><p><br></p><p>Un hotspot est un point d\'accès. J<span style=\"background-color: rgb(255, 255, 255); color: rgb(32, 33, 36);\">ouant le rôle de relais, il permet de se connecter au réseau Internet. Les hotspots WiFi peuvent être privés ou publics, et payants ou gratuits.</span></p>',7),(2,'<p><strong style=\"color: rgb(0, 61, 165);\">🆓 Pourquoi se connecter à un hotspot public ?</strong></p><p><br></p><p><span style=\"background-color: rgb(255, 255, 255); color: black;\">L’avantage de ce type de réseau est que son utilisation est </span><span style=\"background-color: rgb(255, 255, 255); color: rgb(0, 61, 165);\">gratuite</span><span style=\"background-color: rgb(255, 255, 255); color: black;\"> !  ou relativement peu chère (moyennant un passage dans un lieu commercial par exemple, où l\'inscription à une newsletter).</span></p>',7),(3,'<p><strong style=\"background-color: rgb(255, 255, 255); color: rgb(0, 61, 165);\">? Les limites des connexions gratuites et publiques </strong></p><p><span style=\"background-color: rgb(255, 255, 255); color: rgb(86, 99, 103);\">&nbsp;</span></p><p><span style=\"background-color: rgb(255, 255, 255); color: black;\">Cela comporte toutefois de nombreux désagréments. En effet, le&nbsp;</span><strong style=\"background-color: rgb(255, 255, 255); color: black;\">temps de connexion est parfois limité</strong><span style=\"background-color: rgb(255, 255, 255); color: black;\">, de plus la connexion sans fil est souvent assez lente, ce qui peut poser problème dans le cas d’échange de fichiers lourds. Parfois, des coupures interviennent.</span></p><p><span style=\"background-color: rgb(255, 255, 255); color: black;\">Enfin, ces réseaux sont ouverts au plus grand nombre, et sont&nbsp;</span><strong style=\"background-color: rgb(255, 255, 255); color: black;\">assez rarement sécurisés</strong><span style=\"background-color: rgb(255, 255, 255); color: black;\">.</span></p><p><br></p><p><span style=\"background-color: rgb(255, 255, 255); color: black;\">Vous en apprendrez plus en suivant les tutoriels de la catégorie \"</span><a href=\"Sécurité\" rel=\"noopener noreferrer\" target=\"_blank\" style=\"background-color: rgb(255, 255, 255); color: rgb(0, 61, 165);\"><strong>Sécurité</strong></a><span style=\"background-color: rgb(255, 255, 255); color: black;\">\"</span></p>',7),(1,'<p><strong style=\"color: rgb(0, 61, 165);\">Étape 1 -  Choisissez le service désiré</strong></p><p><br></p><p>Impots, CAF, Pôle Emploi ? Avant de vous connectez à l\'un de ces services, nous vous invitons à télécharger l\'application adéquat ou à vous rendre sur le site internet dédié.</p>',8),(2,'<p><strong style=\"color: rgb(0, 61, 165);\">Étape 2 - Vous authentifiez</strong></p><p><br></p><p>Prêt à parcourir le site en question ? Lors de votre authentification devrait apparaître le sigle \"France Connect\".</p><p><br></p><p>Choisissez le service grâce auquel vous souhaitez vous connecter. Le monde est bien fait ! Une fois connecté il fera directement le lien avec votre profil utilisateur.</p>',8),(3,'<p><strong style=\"color: rgb(0, 61, 165);\">Un peu de prévention</strong></p><p><br></p><p>Attention à ne pas divulger vos informations à des tierces personnes ! Notamment votre numéro de carte vitale, d\'imposition etc.</p><p><br></p><p>Soyez vigilants ! Et pour en savoir plus, n\'hésitez pas à consulter les tutoriels de la page sécurité ! </p>',8),(1,'<p>J\'ai connu bien mieux comme contenu.</p><p>Puis-je être modifié ?</p>',9),(1,'<p>Chaque étape est importante ! </p>',9),(1,'<p><span style=\"color: rgb(0, 61, 165);\">Étape 1 - Appareils de connexion</span></p><p>Assurez-vous de disposer d\'un appareil compatible avec le wifi, comme un <span style=\"color: var(--tw-prose-bold);\">ordinateur</span>, une <span style=\"color: var(--tw-prose-bold);\">tablette</span> ou un <span style=\"color: var(--tw-prose-bold);\">smartphone</span>.</p><p><br></p>',10),(2,'<p><span style=\"color: rgb(0, 61, 165);\">Étape 2 - Se connecter</span></p><p>Activez le wifi sur votre appareil et recherchez les réseaux disponibles. Sélectionnez le réseau wifi privé auquel vous souhaitez vous connecter.</p><p><br></p>',10),(3,'<p><span style=\"color: rgb(0, 61, 165);\">Étape 3 - Entrez le nom et le mot de passe</span></p><p>Une fois le réseau sélectionné, entrez le nom d\'utilisateur et le mot de passe qui vous ont été fournis pour accéder au réseau privé.</p>',10),(4,'<p><span style=\"color: rgb(0, 61, 165);\">Étape 4 - Vérifier sa connexion</span></p><p>Une fois connecté, vérifiez que vous avez accès à internet en ouvrant un navigateur et en accédant à un site web. Si vous parvenez à accéder au site, cela signifie que vous êtes connecté au wifi privé !</p>',10),(5,'<p><span style=\"color: rgb(0, 61, 165);\">Étape 5 - Résolution de problèmes</span></p><p>Si vous rencontrez des problèmes de connexion, assurez-vous que le nom et le mot de passe entrés sont corrects. Vérifiez également que vous êtes bien autorisé à accéder à ce réseau privé. Si vous rencontrez toujours des problèmes, vous devriez contacter le propriétaire du réseau pour obtenir de l\'aide.</p>',10),(1,'<p><span style=\"color: rgb(0, 61, 165);\">Étape 1 - Vérifiez les paramètres de votre tablette</span></p><p>Assurez-vous que votre tablette est allumée et que le wifi est activé. Accédez aux paramètres de votre tablette pour vérifier que ces options sont bien activées.</p>',11),(2,'<p><span style=\"color: rgb(0, 61, 165);\">Étape 2 - Recherchez les réseaux disponibles</span></p><p>Recherchez les réseaux wifi disponibles en vous rendant dans les paramètres de votre tablette. Sélectionnez le réseau wifi auquel vous souhaitez vous connecter.</p>',11),(3,'<p><span style=\"color: rgb(0, 61, 165);\">Étape 3 - Entrez le mot de passe</span></p><p>Si le réseau wifi sélectionné est protégé par un mot de passe, entrez celui-ci pour vous connecter.</p>',11),(4,'<p><span style=\"color: rgb(0, 61, 165);\">Étape 4 - Vérifiez votre connexion</span></p><p>Une fois connecté, vérifiez que vous avez accès à internet en ouvrant un navigateur sur votre tablette et en accédant à un site web. Si vous parvenez à accéder au site, cela signifie que vous êtes connecté à internet !</p>',11),(5,'<p><span style=\"color: rgb(0, 61, 165);\">Étape 5 - Résolution de problèmes</span></p><p>Si vous rencontrez des problèmes de connexion, assurez-vous que le mot de passe entré est correct. Vérifiez également que le modem ou le routeur est allumé et connecté à internet. Si vous rencontrez toujours des problèmes, vous devriez contacter votre fournisseur d\'accès internet pour obtenir de l\'aide.</p>',11),(1,'<p><span style=\"color: rgb(0, 61, 165);\">Étape 1 - Vérifiez votre modem ou routeur</span></p><p>Assurez-vous que votre modem ou routeur est allumé et connecté correctement à votre ligne téléphonique ou à votre connexion haut débit. Vérifiez également que les câbles sont bien branchés.</p>',12),(2,'<p><span style=\"color: rgb(0, 61, 165);\">Étape 2 - Vérifiez votre appareil</span></p><p>Assurez-vous que votre ordinateur, smartphone ou tablette est connecté au modem ou au routeur à l\'aide d\'un câble Ethernet ou d\'une connexion wifi. Vérifiez également que le wifi est activé sur votre appareil.</p>',12),(3,'<p><span style=\"color: rgb(0, 61, 165);\">Étape 3 - Testez votre connexion</span></p><p>Ouvrez un navigateur web sur votre appareil et accédez à un site web populaire (par exemple, Google.com ou Facebook.com). Si vous parvenez à accéder au site, cela signifie que votre connexion internet est active et fonctionnelle. Sinon, vérifiez les étapes 1 et 2 et contactez votre fournisseur d\'accès internet pour obtenir de l\'aide.</p>',12),(1,'<p><span style=\"color: rgb(0, 61, 165);\">Étape 1 - Téléchargez et installez WhatsApp</span></p><p>Téléchargez WhatsApp sur votre appareil en utilisant l\'App Store (iOS) ou Google Play (Android). Une fois téléchargé, ouvrez l\'application et suivez les instructions pour installer WhatsApp sur votre appareil.</p>',13),(2,'<p><span style=\"color: rgb(0, 61, 165);\">Étape 2 - Créez un compte</span></p><p>Ouvrez WhatsApp une fois installé sur votre appareil. Si c\'est la première fois que vous utilisez l\'application, vous serez invité à créer un compte. Entrez votre numéro de téléphone et suivez les instructions à l\'écran pour vérifier votre numéro.</p><p><br></p>',13),(3,'<p><span style=\"color: rgb(0, 61, 165);\">Étape 3 - Ajoutez des contacts</span></p><p>Une fois votre compte créé, vous pouvez ajouter des contacts à WhatsApp en accédant à l\'onglet \"Contacts\" dans l\'application. Vous pouvez ajouter des contacts en entrant leur numéro de téléphone manuellement ou en important des contacts de votre carnet d\'adresses.</p>',13),(4,'<p><span style=\"color: rgb(0, 61, 165);\">Étape 4 - Discutez avec vos contacts</span></p><p>Une fois que vous avez ajouté des contacts, vous pouvez discuter avec eux en utilisant WhatsApp. Pour démarrer une conversation, appuyez sur le contact que vous souhaitez discuter, tapez votre message dans la zone de saisie de texte et appuyez sur le bouton \"Envoyer\" pour l\'envoyer. Vous pouvez également envoyer des photos, des vidéos et d\'autres types de fichiers en utilisant WhatsApp.</p>',13),(5,'<p><span style=\"color: rgb(0, 61, 165);\">Étape 5 - Utilisez les autres fonctionnalités</span></p><p>WhatsApp offre de nombreuses autres fonctionnalités comme les appels vocaux et vidéo, les groupes de discussion, les états (un statut court qui disparaît après 24h), les messages vocaux, les fonctions de localisation et les autocollants. Explorez l\'application pour découvrir toutes les fonctionnalités disponibles.</p>',13),(1,'<p><u style=\"color: rgb(0, 61, 165);\">Étape 1 - Trouvez les ressources en ligne</u></p><p><br></p><p>Il existe de nombreuses ressources en ligne pour apprendre sur différents sujets. Les MOOCs (cours en ligne ouverts à tous) sont une option populaire pour apprendre de nouvelles compétences. Il existe également de nombreuses chaînes YouTube dédiées à l\'apprentissage, avec des vidéos sur des sujets allant des mathématiques à la cuisine en passant par les sciences. Il est également possible de trouver des articles, des podcasts et des livres électroniques sur des sujets d\'intérêts.</p><p><br></p>',14),(2,'<p><u style=\"color: rgb(0, 61, 165);\">Étape 2 - Sélectionnez les sujets qui vous intéressent</u></p><p><br></p><p>Il peut y avoir une grande quantité de contenu disponible en ligne, il est donc important de sélectionner les sujets qui vous intéressent le plus. Utilisez des moteurs de recherche pour trouver des MOOCs et des vidéos YouTube sur des sujets spécifiques, ou faites une recherche sur les plateformes d\'apprentissage en ligne pour trouver des cours.</p><p><br></p>',14),(3,'<p><u style=\"color: rgb(0, 61, 165);\">Étape 3 - Commencez à apprendre</u></p><p><br></p><p>Une fois que vous avez sélectionné les sujets qui vous intéressent, il est temps de commencer à apprendre. Les MOOCs ont généralement un début et une fin bien définis, avec des objectifs d\'apprentissage clairs. Les vidéos YouTube peuvent être utilisées de manière plus flexible, mais il est important de sélectionner les vidéos les plus pertinentes et les plus utiles pour votre apprentissage. Il est important de noter que les MOOCs et les vidéos YouTube sont généralement en anglais, mais il existe maintenant des plateformes de MOOCs localisées ou des vidéos sous-titrées dans d\'autres langues.</p><p><br></p>',14),(1,'<p><u style=\"color: rgb(0, 61, 165);\">Étape 4 - Pratiquez et mettez en pratique</u></p><p><br></p><p>Il est important de mettre en pratique ce que vous avez appris pour vraiment retenir l\'information. Les MOOCs peuvent inclure des exercices pratiques pour vous permettre de mettre en pratique ce que vous avez appris, et les vidéos YouTube peuvent vous donner des idées pour des projets à réaliser. Il est également important de continuer à apprendre sur un sujet pour améliorer ses compétences.</p><p><br></p><p><br></p><p><br></p>',14),(1,'<p><u style=\"color: rgb(0, 61, 165);\">Étape 1 - Vérifiez si votre médecin ou votre clinique propose des consultations en ligne</u></p><p>Avant de commencer à utiliser la télémédecine, il est important de vérifier si votre médecin ou votre clinique propose des consultations en ligne. Vous pouvez vérifier sur leur site web ou les appeler pour savoir s\'ils offrent des consultations en ligne via une plateforme de télémédecine.</p>',15),(2,'<p><u style=\"color: rgb(0, 61, 165);\">Étape 2 - Préparez-vous pour la consultation</u></p><p>Avant votre consultation en ligne, assurez-vous d\'avoir une bonne connexion internet et un appareil (ordinateur, smartphone ou tablette) pour vous connecter. Il est également important de vous préparer en réfléchissant aux questions ou aux préoccupations que vous souhaitez discuter avec votre médecin.</p>',15),(1,'<p><u style=\"color: rgb(0, 61, 165);\">Étape 3 - Connectez-vous à la consultation</u></p><p>Une fois que vous êtes prêt, connectez-vous à la consultation en ligne en utilisant les informations de connexion fournies par votre médecin ou votre clinique. La plupart des plateformes de télémédecine utilisent une webcam et un microphone pour permettre une communication en temps réel avec votre médecin.</p>',15),(4,'<p><u style=\"color: rgb(0, 61, 165);\">Étape 4 - Discutez avec votre médecin</u></p><p>Discutez avec votre médecin de vos préoccupations et posez-lui toutes les questions que vous avez. Votre médecin peut vous poser des questions pour mieux comprendre votre état de santé et vous donner des conseils. Il peut également vous prescrire des médicaments ou vous envoyer des ordonnances.</p>',15),(1,'<p><u style=\"color: rgb(0, 61, 165);\">Étape 1 - Trouvez des ateliers près de chez vous</u></p><p>Il existe de nombreux ateliers d\'initiation numérique dans de nombreuses régions. Pour trouver des ateliers près de chez vous, vous pouvez utiliser des moteurs de recherche en ligne pour rechercher des ateliers d\'initiation numérique dans votre ville ou votre région. Vous pouvez également vérifier auprès de votre bibliothèque locale, de votre centre communautaire ou de votre école pour savoir s\'ils organisent des ateliers d\'initiation numérique.</p>',16),(2,'<p><u style=\"color: rgb(0, 61, 165);\">Étape 2 - Sélectionnez les ateliers qui vous intéressent</u></p><p>Il existe de nombreux types d\'ateliers d\'initiation numérique, il est donc important de sélectionner ceux qui vous intéressent le plus. Par exemple, il peut y avoir des ateliers sur les réseaux sociaux, sur la gestion de courriels, sur la création de sites web ou sur les outils de productivité en ligne.</p>',16),(3,'<p><u style=\"color: rgb(0, 61, 165);\">Étape 3 - Inscrivez-vous à l\'atelier</u></p><p>Une fois que vous avez trouvé un atelier qui vous intéresse, vous devrez vous inscrire pour y participer. Les détails de l\'inscription varient d\'un atelier à l\'autre, mais ils peuvent généralement être trouvés sur le site web de l\'organisateur ou en contactant directement l\'organisateur.</p>',16),(1,'<p><u style=\"color: rgb(0, 61, 165);\">Étape 4 - Préparez-vous pour l\'atelier</u></p><p>Avant de participer à l\'atelier, assurez-vous d\'avoir tout le matériel nécessaire (ordinateur portable, tablette, smartphone ...) et un accès à internet stable. Il est également important de se préparer mentalement pour l\'atelier et de réfléchir aux questions ou aux préoccupations que vous souhaitez discuter avec le formateur.</p><p><br></p>',16),(5,'<p><u style=\"color: rgb(0, 61, 165);\">Étape 5 - Participez ! </u></p>',16),(1,'<p><u style=\"color: rgb(0, 61, 165);\">Les éléments principaux d\'un ordinateur</u></p><p><br></p><ol><li>Unité centrale de traitement (CPU) : C\'est le \"cerveau\" de l\'ordinateur, il traite les données et exécute les instructions.</li><li>Mémoire vive (RAM) : C\'est l\'endroit où l\'ordinateur stocke les données en cours d\'utilisation pour que le CPU puisse y accéder rapidement.</li><li>Stockage : C\'est l\'endroit où l\'ordinateur stocke les données à long terme, comme les programmes et les fichiers. Il peut s\'agir d\'un disque dur ou d\'un disque SSD.</li><li>Carte graphique : Cette carte est responsable de gérer l\'affichage de l\'ordinateur sur l\'écran.</li><li>Alimentation : Elle fournit de l\'énergie électrique à tous les composants de l\'ordinateur.</li><li>Connecteurs d\'entrée/sortie : Ce sont les ports où l\'on peut brancher des périphériques tels que la sour</li></ol><p><br></p>',17),(1,'<p><u style=\"color: rgb(0, 61, 165);\">Les périphériques à connecter aux ordinateurs</u></p><p><br></p><ol><li>Moniteur : C\'est l\'écran où vous pouvez voir ce que fait l\'ordinateur. Il peut être connecté via un port HDMI, VGA ou DisplayPort.</li><li>Clavier et souris : Ces périphériques sont utilisés pour saisir des données et naviguer sur l\'ordinateur. Ils peuvent être connectés via un port USB ou Bluetooth.</li><li>Imprimante : C\'est un périphérique utilisé pour imprimer des documents ou des images. Il peut être connecté via un port USB ou en utilisant une connexion réseau.</li><li>Enceintes ou casque : Ces périphériques sont utilisés pour écouter de la musique ou des vidéos. Ils peuvent être connectés via un port audio ou Bluetooth.</li><li>Disque dur externe : C\'est un périphérique de stockage qui peut être utilisé pour sauvegarder des fichiers ou pour augmenter la capacité de stockage de l\'ordinateur. Il peut être connecté via un port USB.</li><li>Webcam : C\'est un périphérique utilisé pour prendre des photos ou des vidéos et pour effectuer des appels vidéo en ligne. Il peut être connecté via un port USB.</li><li>Lecteur de carte mémoire : C\'est un périphérique utilisé pour lire les cartes mémoire et transférer des fichiers. Il peut être connecté via un port USB.</li><li>Adaptateur réseau : C\'est un périphérique utilisé pour connecter l\'ordinateur à un réseau, comme internet ou un réseau local. Il peut être connecté via un port Ethernet ou WiFi.</li></ol><p><br></p>',18),(1,'<p><u style=\"color: rgb(0, 61, 165);\">Étape 1 - Vérifiez les ports disponibles sur votre ordinateur</u></p><p>Avant de connecter votre imprimante, il est important de vérifier les ports disponibles sur votre ordinateur. La plupart des ordinateurs disposent d\'un port USB, qui est le plus couramment utilisé pour connecter une imprimante. Si votre ordinateur ne possède pas de port USB, vous devrez peut-être utiliser un adaptateur USB pour connecter votre imprimante.</p>',19),(2,'<p><u style=\"color: rgb(0, 61, 165);\">Étape 2 - Branchez le câble USB de l\'imprimante à l\'ordinateur</u></p><p>Une fois que vous avez vérifié les ports disponibles sur votre ordinateur, branchez le câble USB de l\'imprimante à un port USB disponible sur l\'ordinateur. Assurez-vous que les deux extrémités du câble sont bien connectées.</p>',19),(3,'<p><u style=\"color: rgb(0, 61, 165);\">Étape 3 - Allumez l\'imprimante</u></p><p>Allumez l\'imprimante en appuyant sur le bouton d\'alimentation. Si l\'imprimante est déjà allumée, passez à l\'étape 4.</p>',19),(4,'<p><u style=\"color: rgb(0, 61, 165);\">Étape 4 - Installez les logiciels de l\'imprimante</u></p><p>La plupart des imprimantes nécessitent l\'installation de logiciels pour fonctionner correctement. Suivez les instructions du fabricant pour installer les logiciels de l\'imprimante sur votre ordinateur.</p>',19),(5,'<p><u style=\"color: rgb(0, 61, 165);\">Étape 5 - Configurez l\'imprimante</u></p><p>Une fois que les logiciels de l\'imprimante sont installés, configurez l\'imprimante en suivant les instructions à l\'écran. Cela peut inclure la sélection du modèle d\'imprimante, la configuration de l\'adresse IP et l\'ajout de l\'imprimante aux imprimantes disponibles sur votre ordinateur.</p>',19),(6,'<p><u style=\"color: rgb(0, 61, 165);\">Étape 6 - Imprimez un test</u></p><p>Une fois que l\'imprimante est configurée, imprimez un test pour vérifier que l\'imprimante est connectée correctement et fonctionne correctement.</p><p>Si vous rencontrez des difficultés pour connecter l\'imprimante, consultez le manuel d\'utilisation ou contactez le fabricant pour obtenir de l\'aide.</p>',19),(1,'<p><u style=\"color: rgb(0, 61, 165);\">Étape 1 - Identifiez les démarches numériques nécessaires</u></p><p>Il existe de nombreuses démarches numériques disponibles en France, allant de la déclaration d\'impôts en ligne à la création d\'une entreprise en ligne. Il est important de identifier les démarches numériques nécessaires pour votre situation personnelle ou professionnelle.</p>',20),(2,'<p><u style=\"color: rgb(0, 61, 165);\">Étape 2 - Recherchez des ressources en ligne</u></p><p>Une fois que vous avez identifié les démarches numériques nécessaires, recherchez des ressources en ligne pour vous aider à les compléter. Il existe de nombreux sites web gouvernementaux et non gouvernementaux qui peuvent vous fournir des informations détaillées sur les démarches à suivre, ainsi que des modèles de formulaires et des instructions.</p>',20),(3,'<p><u style=\"color: rgb(0, 61, 165);\">Étape 3 - Utilisez des outils en ligne</u></p><p>Il existe également des outils en ligne qui peuvent vous aider à compléter les démarches numériques. Par exemple, il existe des logiciels de déclaration d\'impôts en ligne qui peuvent vous guider à travers le processus de déclaration. Il existe également des plateformes en ligne qui permettent de créer une entreprise en ligne.</p>',20),(4,'<p><u style=\"color: rgb(0, 61, 165);\">Étape 4 - Demandez de l\'aide</u></p><p>Si vous rencontrez des difficultés pour compléter les démarches numériques, n\'hésitez pas à demander de l\'aide. Il existe de nombreux services d\'assistance disponibles, tels que des centres d\'assistance numérique, des associations de consommateurs et des organisations de défense des droits numériques.</p><p><br></p>',20),(1,'<p><u style=\"color: rgb(0, 61, 165);\">Étape 5 - Conservez des copies électroniques</u></p><p>Une fois que vous avez complété les démarches numériques, assurez-vous de conserver des copies électroniques des documents et des formulaires soumis. Cela vous permettra de vérifier que les démarches ont été effectuées correctement et de prouver que les démarches ont été effectuées en cas de besoin.</p>',20),(1,'<p><u style=\"color: rgb(0, 61, 165);\">Se faire aider pour accomplir une démarche administrative en ligne</u></p><p><span class=\"ql-cursor\">﻿</span>Vous devez accomplir une démarche administrative en ligne, mais vous ne savez pas comment vous y prendre&nbsp;?</p><p>Un médiateur numérique peut, ponctuellement et gratuitement, vous aider à faire ou faire à votre place des démarches administratives en ligne&nbsp;: le renouvellement de votre carte grise, l’ouverture d’un compte Ameli, la déclaration d’impôt…</p><p>Vous pouvez trouver un médiateur dans différentes structures près de chez vous. L’offre de médiation numérique varie en fonction des territoires. Adressez-vous à votre mairie qui vous orientera vers la bonne structure.</p><p>D’une manière générale, il est possible d’être accompagné par un médiateur&nbsp;dans :</p><ul><li>de nombreuses bibliothèques ou médiathèques,</li><li>les&nbsp;<a href=\"https://www.pour-les-personnes-agees.gouv.fr/preserver-son-autonomie-s-informer-et-anticiper/a-qui-s-adresser/france-services-un-guichet-unique-pour-vos-demarches-administratives-du-quotidien\" rel=\"noopener noreferrer\" target=\"_blank\" style=\"color: var(--link-color);\">France Services</a>,</li><li>les&nbsp;<a href=\"https://www.pimms.org/\" rel=\"noopener noreferrer\" target=\"_blank\" style=\"color: var(--link-color);\">PIMMS</a>&nbsp;médiation…</li></ul><p><br></p><p><br></p>',21),(2,'<p><u style=\"color: rgb(0, 61, 165);\">Des tutoriels en ligne</u></p><p><span style=\"color: rgb(58, 58, 58);\">La plateforme&nbsp;</span><a href=\"http://www.solidarite-numerique.fr/\" rel=\"noopener noreferrer\" target=\"_blank\" style=\"color: var(--link-color);\">www.solidarite-numerique.fr</a><span style=\"color: rgb(58, 58, 58);\">&nbsp;constitue une ressource utile pour les personnes qui ont une maîtrise de base du numérique et qui souhaitent un coup de pouce pour accomplir une démarche administrative en ligne. De nombreux tutoriels y sont accessibles (créer son espace sur le site internet des impôts, faire sa déclaration d’impôt en ligne…).</span></p>',21),(3,'<p><u style=\"color: rgb(0, 61, 165);\">Découvrir les autres utilités d’internet</u></p><p><br></p><p>Les médiateurs numériques peuvent également vous accompagner pour découvrir d’autres utilités d’internet.</p><p>Au-delà d’un certain âge, beaucoup de personnes renoncent à apprendre à se servir d’internet en se disant « Ce n’est pas de mon âge », « C’est trop tard pour moi »… Pourtant, au-delà de pouvoir accomplir une démarche administrative en ligne, savoir se débrouiller sur internet peut revêtir de nombreux intérêts&nbsp;:</p><ul><li>communiquer avec ses proches à distance, partager des photos et des vidéos grâce aux mails, aux nombreuses applications existantes pour organiser des visioconférences, aux réseaux sociaux…</li><li>s’informer&nbsp;: accès aux sites internet de presse, à la météo…</li><li>se divertir&nbsp;: accès à des vidéos, des podcasts, des jeux en ligne…</li><li>se faciliter la vie&nbsp;: acheter un billet de train en ligne sans avoir à faire la queue, réserver un rendez-vous chez le médecin sans attendre au téléphone, gérer ses comptes bancaires sans se déplacer…</li><li>accéder aux soins&nbsp;: réaliser une téléconsultation…</li></ul><p>Des ateliers d’initiation au numérique sont mis en place partout en France. Ils ont pour objectif de rendre les personnes âgées plus autonomes dans la pratique de base du numérique et d’internet. Il est possible de trouver un atelier près de chez vous sur le site&nbsp;<a href=\"https://www.pourbienvieillir.fr/ameliorer-son-bien-etre-en-suivant-un-atelier-de-prevention\" rel=\"noopener noreferrer\" target=\"_blank\" style=\"color: var(--link-color);\">www.pourbienvieillir.fr</a>.</p><p>De la prise en main du matériel informatique (ordinateur, smartphone, tablette…) à la réalisation de démarches simples (envoyer un mail et des photos, réserver un billet de train…), des programmes de formation adaptables permettent de développer ses compétences à son rythme.</p>',21),(1,'<p><u style=\"color: rgb(0, 61, 165);\">Comment choisir&nbsp;parmi l’offre abondante d’équipements numériques&nbsp;?</u></p><p>Lors des ateliers numériques, l’apprentissage sur tablette ou smartphone peut être privilégié car ces équipements sont plus adaptés à l’utilisation du numérique par les personnes âgées.&nbsp;En effet, avec l’avancée en âge, des difficultés croissantes de manipulation et de coordination avec la souris peuvent se présenter. L’ordinateur est souvent de moins en moins utilisé au profit du smartphone ou de la tablette.</p><p>Si vous aidez une personne âgée qui débute dans l’utilisation d’une tablette, vous pouvez vous reporter à&nbsp;<a href=\"https://www.inc-conso.fr/sites/default/files/guide-tablettes-inc-cnsa-2019.pdf\" rel=\"noopener noreferrer\" target=\"_blank\" style=\"color: var(--link-color);\">ce guide de configuration des tablettes classiques pour les personnes âgées et leurs aidants</a>&nbsp;réalisé par le CEN STIMCO. Il a pour objectif d’apporter aide et conseils à ceux qui accompagnent une personne âgée souhaitant apprendre à utiliser une tablette tactile. Il propose quelques notions théoriques, des solutions d’adaptation, des conseils pratiques et des démarches pas à pas pour faciliter l’accompagnement de la personne et lui permettre de se familiariser efficacement et agréablement avec sa tablette.</p><p>Si vous envisagez de vous équiper d’une tablette, vous pouvez vous reporter à&nbsp;<a href=\"https://www.pour-les-personnes-agees.gouv.fr/preserver-son-autonomie-s-informer-et-anticiper/amenager-son-logement-et-sequiper/tablettes-pour-personnes-agees-comment-choisir\" rel=\"noopener noreferrer\" target=\"_blank\" style=\"color: var(--link-color);\">l’étude comparative de tablettes simplifiées dédiées aux personnes âgées</a>&nbsp;réalisée par l’INC (Institut national de la consommation).</p><p><br></p>',22),(2,'<p><u style=\"color: rgb(0, 61, 165);\">Comment faire avec un budget limité&nbsp;?</u></p><p>Le coût de l’équipement et de la connexion internet peut être un frein. Pour lutter contre les inégalités d’accès au numérique, des associations ont pour objectif de donner accès aux outils numériques&nbsp;à travers :</p><ul><li>le don ou l’accès à prix solidaire à du matériel de seconde main (ressourceries, recycleries locales)&nbsp;;</li><li>l’accès à prix solidaire à des cartes prépayées téléphonie et internet.</li></ul><p>N’hésitez pas à vous renseigner auprès de votre mairie, du&nbsp;<a href=\"https://www.pour-les-personnes-agees.gouv.fr/preserver-son-autonomie-s-informer-et-anticiper/a-qui-s-adresser/le-centre-communal-daction-sociale-ccas-la-mairie\" rel=\"noopener noreferrer\" target=\"_blank\" style=\"color: var(--link-color);\">CCAS (centre communal d’action sociale)</a>&nbsp;ou de votre caisse de retraite.</p><p><br></p>',22),(3,'<p><u style=\"color: rgb(0, 61, 165);\">Se faire aider dans ses démarches numériques en vidéo</u></p><p><span style=\"color: rgb(58, 58, 58);\"><span class=\"ql-cursor\">﻿</span></span><span style=\"color: rgb(58, 58, 58); background-color: rgb(255, 255, 255);\">Germain découvre que le renouvellement de carte grise se fait uniquement par internet. Il apprend par sa mairie que des médiateurs aident les personnes ayant des difficultés avec internet à faire leurs démarches. Esther, médiatrice, aide Germain à faire sa demande de carte grise. Elle lui fait également découvrir d’autres utilités d’internet.&nbsp;</span></p><p><br></p>',22),(1,'<p>Pour les personnes n’ayant pas accès à un ordinateur ou à Internet, il y a également un numéro d’appel gratuit, le 01 70 772 372, joignable du lundi au vendredi de 9h à 18h. Il permet d’obtenir des conseils auprès d\'un des 700 médiateurs numériques bénévoles.&nbsp;</p><p><br></p><p>En tout, ce sont plus de 1 200 acteurs de la médiation numérique qui&nbsp;sont mobilisés pour accompagner les personnes éloignées du numérique pendant la crise du COVID-19. La plateforme recherche encore des volontaires pour conseillers les usagers et produire des ressources.&nbsp;&nbsp;</p>',23),(1,'<p><u style=\"color: rgb(0, 61, 165);\">Étape 1 - Comprendre ce qu\'est l\'identité numérique</u></p><p>L\'identité numérique est la représentation de votre identité en ligne. Cela peut inclure des informations telles que votre nom, votre adresse e-mail, votre numéro de téléphone, ainsi que des informations sur vos activités en ligne telles que vos publications sur les réseaux sociaux et vos achats en ligne.</p>',24),(2,'<p><u style=\"color: rgb(0, 61, 165);\">Étape 2 - Gérer vos informations en ligne</u></p><p>Il est important de gérer les informations que vous partagez en ligne. Assurez-vous de ne pas partager des informations sensibles, comme votre numéro de sécurité sociale ou vos informations bancaires, et pensez à régulièrement vérifier et mettre à jour les informations que vous avez partagées. Utilisez des mots de passe forts et uniques pour protéger vos comptes en ligne.</p>',24),(3,'<p><u style=\"color: rgb(0, 61, 165);\">Étape 3 - Utilisez des outils de confidentialité</u></p><p>Il existe de nombreux outils de confidentialité disponibles pour vous aider à protéger votre vie privée en ligne. Utilisez des navigateurs web qui offrent des options de confidentialité, des bloqueurs de publicités et des outils de cryptage pour protéger vos données en ligne.</p>',24),(4,'<p><u style=\"color: rgb(0, 61, 165);\">Étape 4 - Soyez conscient des risques</u></p><p>Il est important d\'être conscient des risques liés à l\'identité numérique, comme le vol d\'identité et le hameçonnage. Soyez vigilant lorsque vous recevez des e-mails ou des messages de personnes que vous ne connaissez pas et ne cliquez pas sur des liens ou des pièces jointes douteux.</p>',24),(1,'<p><u style=\"color: rgb(0, 61, 165);\">Étape 5 - Utilisez des outils de vérification</u></p><p>Il existe des outils de vérification de l\'identité numérique qui peuvent vous aider à vérifier l\'identité de quelqu\'un en ligne. Utilisez ces outils pour vérifier les informations fournies par les gens avant de leur donner des informations personnelles ou de leur faire confiance.</p><p>En gérant adéquatement votre identité numérique, vous pouvez minimiser les risques et protéger votre vie privée en ligne.</p>',24),(1,'<p><u style=\"color: rgb(0, 61, 165);\">Étape 1 - Comprendre les risques pour la vie privée en ligne</u></p><p>Il existe de nombreux risques pour la vie privée en ligne, tels que le suivi en ligne, le vol d\'identité et les fuites de données. Il est important de comprendre ces risques pour pouvoir prendre des mesures pour les prévenir.</p><p><br></p>',25),(2,'<p><u style=\"color: rgb(0, 61, 165);\">Étape 2 - Utilisez des outils de confidentialité</u></p><p>Il existe de nombreux outils disponibles pour protéger votre vie privée en ligne, tels que les bloqueurs de publicités, les VPN (Virtual Private Network) et les outils de cryptage. Utilisez ces outils pour protéger vos données et votre activité en ligne.</p><p><br></p>',25),(3,'<p><u style=\"color: rgb(0, 61, 165);\">Étape 3 - Soyez sélectif dans les informations que vous partagez en ligne</u></p><p>Soyez sélectif dans les informations que vous partagez en ligne. Ne partagez pas d\'informations sensibles</p>',25),(1,'<p><u style=\"color: rgb(0, 61, 165);\">Étape 1 - Comprendre les fonctionnalités communes</u></p><p>La plupart des gestionnaires de mail ont des fonctionnalités communes comme la réception et l\'envoi de courriels, la gestion des contacts et des dossiers, la recherche de mails, la gestion des pièces jointes et la personnalisation des paramètres. Il est important de comprendre ces fonctionnalités pour choisir le gestionnaire qui convient le mieux à vos besoins.</p>',26),(2,'<p><u style=\"color: rgb(0, 61, 165);\">Étape 2 - Connaître les principaux acteurs</u></p><p>Il existe de nombreux gestionnaires de mail, mais les principaux acteurs sur le marché sont : Gmail de Google, Outlook de Microsoft, Yahoo Mail, AOL Mail, Zoho Mail et ProtonMail. Chacun de ces gestionnaires de mail a des fonctionnalités uniques et des avantages différents, il est donc important de les comparer pour choisir celui qui convient le mieux à vos besoins.</p>',26),(3,'<p><u style=\"color: rgb(0, 61, 165);\">Étape 3 - Considérez vos besoins spécifiques</u></p><p>Avant de choisir un gestionnaire de mail, il est important de considérer vos besoins spécifiques. Par exemple, si vous avez besoin d\'un espace de stockage supplémentaire, vous devrez peut-être choisir un service qui propose des options de stockage en nuage. Si vous avez besoin de sécurité supplémentaire, vous devrez peut-être choisir un service qui propose des options de chiffrement.</p>',26),(4,'<p><u style=\"color: rgb(0, 61, 165);\">Étape 4 - Testez plusieurs options</u></p><p>Il est important de tester plusieurs options pour choisir le meilleur gestionnaire de mail pour vous.</p>',26),(1,'<p><u style=\"color: rgb(0, 61, 165);\">Étape 1 - Choisir un fournisseur de messagerie</u></p><p>Il existe de nombreux fournisseurs de messagerie sur internet, tels que Gmail, Outlook, Yahoo Mail et AOL Mail. Choisissez celui qui convient le mieux à vos besoins en termes de fonctionnalités, de sécurité et de stockage.</p>',27),(2,'<p><u style=\"color: rgb(0, 61, 165);\">Étape 2 - Créer un compte</u></p><p>Une fois que vous avez choisi un fournisseur de messagerie, accédez à leur site web et cliquez sur le bouton \"Créer un compte\" ou \"S\'inscrire\". Suivez les instructions à l\'écran pour créer un compte en entrant vos informations personnelles, comme votre nom, votre adresse e-mail et un mot de passe.</p>',27),(3,'<p><u style=\"color: rgb(0, 61, 165);\">Étape 3 - Vérifier votre adresse e-mail</u></p><p>Après avoir créé votre compte, vous devrez généralement vérifier votre adresse e-mail en cliquant sur un lien dans un e-mail de confirmation envoyé à l\'adresse e-mail que vous avez fournie. Suivez les instructions pour vérifier votre adresse e-mail et activer votre compte.</p>',27),(4,'<p><u style=\"color: rgb(0, 61, 165);\">Étape 4 - Configurer vos paramètres</u></p><p>Une fois que votre compte est créé et vérifié, accédez à vos paramètres de compte pour personnaliser les paramètres de votre adresse e-mail, tels que les options de sécurité et de confidentialité. Prenez le temps de configurer votre compte pour qu\'il réponde à vos besoins.</p>',27),(5,'<p><u style=\"color: rgb(0, 61, 165);\">Étape 5 - Utiliser votre adresse e-mail</u></p><p>Une fois votre compte configuré, vous pouvez utiliser votre nouvelle adresse e-mail pour envoyer et recevoir des e-mails. N\'oubliez pas de conserver votre mot de passe en sécurité et de le changer régulière</p>',27),(1,'<p><u style=\"color: rgb(0, 61, 165);\">Étape 1 - Ouvrir un client de messagerie</u></p><p>Avant de pouvoir envoyer un e-mail, vous devez d\'abord ouvrir un client de messagerie, comme Gmail, Outlook ou Yahoo Mail. Connectez-vous à votre compte de messagerie en utilisant vos informations de connexion.</p>',28),(1,'<p><u style=\"color: rgb(0, 61, 165);\">Étape 2 - Créer un nouveau message</u></p><p>Une fois connecté, cliquez sur le bouton \"Nouveau message\" ou sur l\'icône correspondante pour créer un nouveau message. Cela ouvrira une fenêtre de composition de message.</p>',28),(3,'<p><u style=\"color: rgb(0, 61, 165);\">Étape 3 - Remplir les champs \"À\", \"CC\" et \"CCI\"</u></p><p>Dans la fenêtre de composition de message, remplissez les champs \"À\", \"CC\" et \"CCI\" avec les adresses e-mail des destinataires. Le champ \"À\" est destiné au destinataire principal, le champ \"CC\" est destiné à des destinataires en copie et le champ \"CCI\" est destiné à des destinataires en copie cachée.</p>',28),(4,'<p><u style=\"color: rgb(0, 61, 165);\">Étape 4 - Ajouter un objet et un message</u></p><p>Ajoutez un objet et un message à votre e-mail en remplissant les champs correspondants. L\'objet est la ligne de sujet de l\'email qui permettra de comprendre de quoi parle l\'email, le message est le contenu de l\'email.</p>',28),(5,'<p><u style=\"color: rgb(0, 61, 165);\">Étape 5 - Ajouter une pièce jointe</u></p><p>Si vous souhaitez ajouter une pièce jointe à votre e-mail, cliquez sur le bouton \"Pièce jointe\" ou sur l\'icône correspondante et sélectionnez les fichiers que vous souhaitez joindre.</p>',28),(6,'<p><u style=\"color: rgb(0, 61, 165);\">Étape 6 - Envoyer l\'e-mail</u></p><p>Une fois que vous avez rempli tous les champs et ajouté tous les éléments nécessaires, cliquez sur le bouton \"Envoyer\" pour envoyer l\'e-mail. Vérifiez que tous les destinataires sont corrects avant de valider l\'envoi</p>',28),(1,'<p><u style=\"color: rgb(0, 61, 165);\">Étape 1 - Connaître les types d\'e-mails frauduleux</u></p><p>Il existe de nombreux types d\'e-mails frauduleux, tels que les phishing, les arnaques à la loterie et les e-mails de hameçonnage. Il est important de connaître ces types d\'e-mails pour pouvoir les détecter et les éviter.</p>',29),(2,'<p><u style=\"color: rgb(0, 61, 165);\">Étape 2 - Soyez méfiant envers les e-mails suspects</u></p><p>Soyez méfiant envers les e-mails qui vous demandent de fournir des informations personnelles ou financières, ou qui vous incitent à cliquer sur un lien ou à télécharger un fichier. Si un e-mail vous semble suspect, ne cliquez pas sur les liens ou les pièces jointes, et ne fournissez pas d\'informations personnelles ou financières.</p>',29),(3,'<p><u style=\"color: rgb(0, 61, 165);\">Étape 3 - Vérifiez l\'expéditeur de l\'e-mail</u></p><p>Vérifiez l\'expéditeur de l\'e-mail pour vous assurer qu\'il s\'agit d\'une source fiable. Si l\'expéditeur est inconnu ou semble suspect, il est préférable de ne pas ouvrir l\'e-mail ou de le supprimer.</p>',29),(4,'<p><u style=\"color: rgb(0, 61, 165);\">Étape 4 - Utilisez une protection contre les logiciels malveillants</u></p><p>Utilisez une protection contre les logiciels malveillants pour vous protéger contre les e-mails frauduleux et les autres menaces en ligne. Assurez-vous que votre protection contre les logiciels malveillants est à jour pour bénéficier d\'une protection maximale.</p>',29),(5,'<p><u style=\"color: rgb(0, 61, 165);\">Étape 5 - Signalez les e-mails frauduleux</u></p><p>Si vous recevez un e-mail frauduleux, signalez-le à votre fournisseur de messagerie ou à la police pour qu\'ils puissent enquêter et prendre des mesures pour empêcher la diffusion de ces e-mails frauduleux.</p>',29),(1,'<p><u style=\"color: rgb(0, 61, 165);\">Étape 1 - Connaître les médias textuels</u></p><p>Les médias textuels sont des formes de contenu écrit, comme les articles de presse en ligne, les blogs, les forums de discussion et les réseaux sociaux. Ces médias permettent aux utilisateurs de partager des informations et de communiquer entre eux.</p>',30),(2,'<p><u style=\"color: rgb(0, 61, 165);\">Étape 2 - Connaître les médias audiovisuels</u></p><p>Les médias audiovisuels sont des formes de contenu qui combinent l\'audio et la vidéo, comme les podcasts, les vidéos sur YouTube et les webinaires en direct. Ces médias permettent aux utilisateurs de consommer des contenus multimédias, comme la musique, les films, les émissions de télévision et les vidéos pédagogiques.</p>',30),(3,'<p><span style=\"color: rgb(0, 61, 165);\">Étape 3 - Connaître les médias sociaux</span></p><p>Les médias sociaux sont des plateformes en ligne qui permettent aux utilisateurs de partager des informations, de communiquer entre eux et de créer du contenu.</p>',30),(1,'<p><u style=\"color: rgb(0, 61, 165);\">Étape 1 - Qu\'est-ce que YouTube ?</u></p><p>YouTube est une plateforme de partage de vidéos en ligne. Il permet aux utilisateurs de télécharger, de partager et de regarder des vidéos sur divers sujets, comme la musique, les films, les émissions de télévision, les vlogs, les tutoriels et les documentaires. Il est accessible depuis n\'importe quel appareil connecté à internet.</p>',31),(2,'<p><u style=\"color: rgb(0, 61, 165);\">Étape 2 - Ce qu\'on y trouve</u></p><p>Sur YouTube, vous pouvez trouver une variété de contenu, y compris des vidéos créées par des utilisateurs individuels, des chaînes de télévision, des musiciens, des célébrités et des entreprises. Il y a des vidéos pour tous les goûts et tous les âges, depuis les dessins animés pour enfants jusqu\'aux documentaires pour adultes.</p>',31),(3,'<p><u style=\"color: rgb(0, 61, 165);\">Étape 3 - Utilisation quotidienne</u></p><p>YouTube peut être utilisé pour de nombreuses choses au quotidien, comme :</p><ul><li>Regarder des vidéos de divertissement, comme des films, des émissions de télévision, des bandes-annonces et des clips musicaux.</li><li>Apprendre de nouvelles choses en regardant des tutoriels, des cours en ligne et des documentaires éducatifs.</li><li>Écouter de la musique en streaming.</li><li>Suivre les vlogs de vos influenceurs</li></ul><p><br></p>',31),(1,'<p><u style=\"color: rgb(0, 61, 165);\">Etape 1 - Trouver un contenu à télécharger </u></p><p>Naviguez sur internet pour trouver le contenu (audio, vidéo, images, etc.) que vous souhaitez télécharger. Il peut s\'agir de vidéos sur YouTube, de musique sur des plateformes de streaming, d\'images sur des sites de partage de photos, etc.</p><p><br></p><p>Il existe de nombreux téléchargeurs disponibles en ligne, gratuits ou payants, qui vous permettent de télécharger des vidéos, de la musique et d\'autres types de contenus. Recherchez un téléchargeur qui prend en charge le type de contenu que vous voulez télécharger et téléchargez-le sur votre ordinateur.</p>',32),(2,'<p><u style=\"color: rgb(0, 61, 165);\">Étape 2 - Copier/coller ou utiliser des raccourcis clavier</u></p><p>Si le contenu est sur une page web, vous pouvez également utiliser la fonction \"copier/coller\" ou les raccourcis clavier pour télécharger le fichier directement sur votre ordinateur. Il est possible de copier l\'adresse du lien du contenu, puis de coller dans un téléchargeur ou dans un navigateur pour télécharger le contenu.</p>',32),(3,'<p><u style=\"color: rgb(0, 61, 165);\">Étape 3 - Copier/coller ou utiliser des raccourcis clavier</u></p><p>Si le contenu est sur une page web, vous pouvez également utiliser la fonction \"copier/coller\" ou les raccourcis clavier pour télécharger le fichier directement sur votre ordinateur. Il est possible de copier l\'adresse du lien du contenu, puis de coller dans un téléchargeur ou dans un navigateur pour télécharger le contenu.</p>',32),(4,'<p><u style=\"color: rgb(0, 61, 165);\">Étape 4 - Retrouver votre contenu</u></p><p>Une fois téléchargé, vous retrouverez le contenu depuis votre ordinateur. Généralement dans le dossier \"téléchargement\" !</p><p><br></p>',32),(1,'<p><u style=\"color: rgb(0, 61, 165);\">Étape 1 - Qu\'est-ce qu\'un SMS?</u></p><p>Un SMS (Short Message Service) est un type de message texte qui peut être envoyé à partir d\'un téléphone mobile à un autre téléphone mobile ou à un numéro de téléphone fixe. Il peut contenir jusqu\'à 160 caractères (selon les pays et les opérateurs) et est généralement utilisé pour envoyer des informations courtes comme des mises à jour, des rappels, des messages personnels et des alertes.</p>',33),(2,'<p><u style=\"color: rgb(0, 61, 165);\">Étape 2 - Utilisation d\'un SMS</u></p><p>Pour envoyer un SMS, vous devez avoir un téléphone mobile compatible et une connexion à un réseau de téléphonie mobile. Vous devez ensuite ouvrir l\'application de messagerie de votre téléphone, saisir le numéro de téléphone du destinataire, écrire votre message et appuyer sur envoyer.</p>',33),(3,'<p><u style=\"color: rgb(0, 61, 165);\">Étape 3 - Limitations d\'un SMS</u></p><p>Il y a des limites à l\'utilisation des SMS. Les messages ne peuvent pas contenir de photos ou de vidéos, ni être plus longs que 160 caractères. Les SMS ne sont pas cryptés et peuvent être interceptés. Il est également possible de recevoir des SMS indésirables ou des arnaques via SMS.</p>',33),(4,'<p><u style=\"color: rgb(0, 61, 165);\">Étape 4 - Autres alternatives</u></p><p>Il existe des alternatives aux SMS, comme les applications de messagerie instantanée (comme WhatsApp, Facebook Messenger, etc.) qui permettent d\'envoyer des messages, des photos et des vidéos de manière plus sécurisée et avec des fonctionnalités supplémentaires.</p>',33),(1,'<p><u style=\"color: rgb(0, 61, 165);\">Étape 1 - WhatsApp</u></p><p>WhatsApp est une plateforme de messagerie instantanée populaire qui permet d\'envoyer des messages, des photos, des vidéos et des appels audio et vidéo à des contacts individuels ou à des groupes. Il est disponible pour les smartphones, les ordinateurs et les tablettes, et permet également de passer des appels via une connexion internet.</p><p><br></p>',34),(2,'<p><u style=\"color: rgb(0, 61, 165);\">Étape 2 - Facebook Messenger</u></p><p>Facebook Messenger est une autre plateforme de messagerie instantanée populaire qui est intégrée à Facebook. Il permet de communiquer avec des amis Facebook et de créer des groupes de discussion. Il offre des fonctionnalités supplémentaires comme les appels vocaux et vidéo, les jeux et les bots. Il est disponible pour les smartphones, les ordinateurs et les tablettes.</p>',34),(3,'<p><u style=\"color: rgb(0, 61, 165);\">Étape 3 - Telegram</u></p><p>Telegram est une plateforme de messagerie instantanée qui se concentre sur la sécurité et la vie privée. Il permet de créer des groupes de discussion, de partager des fichiers de grande taille et de créer des bots. Il est disponible pour les smartphones, les ordinateurs et les tablettes.</p><p><br></p>',34),(4,'<p><u style=\"color: rgb(0, 61, 165);\">Étape 4 - Signal</u></p><p>Signal est une plateforme de messagerie instantanée qui se concentre sur la sécurité et la vie privée. Il permet de envoyer des messages, des photos et des vidéos, et de passer des appels vocaux et vidéo sécurisés. Il est disponible pour les smartphones et les ordinateurs.</p>',34),(1,'<p><u style=\"color: rgb(0, 61, 165);\">Étape 5 - Slack</u></p><p>Slack est une plateforme de messagerie instantanée qui est principalement utilisée pour la communication professionnelle. Il permet de créer des canaux de discussion pour différents sujets, de partager des fichiers et de intégrer d\'autres outils comme Google Drive, Trello, etc. </p>',34),(1,'<p><u style=\"color: rgb(0, 61, 165);\">Étape 1 - Utiliser des moteurs de recherche</u></p><p>Les moteurs de recherche, tels que Google, Bing ou Yahoo, sont un outil essentiel pour naviguer sur internet. Vous pouvez entrer des termes de recherche pour trouver des informations sur un sujet ou accéder à un site web spécifique. Il existe également des moteurs de recherche spécialisés pour des domaines particuliers, comme les images, les nouvelles ou les cartes.</p><p><br></p>',35),(2,'<p><u style=\"color: rgb(0, 61, 165);\">Étape 2 - Utiliser les réseaux sociaux</u></p><p>Les réseaux sociaux, tels que Facebook, Twitter ou Instagram, peuvent également être utilisés pour naviguer sur internet. Vous pouvez suivre des personnes ou des pages qui partagent des informations intéressantes sur des sujets qui vous intéressent.</p>',35),(3,'<p><u style=\"color: rgb(0, 61, 165);\">Étape 3 - Utiliser des forums</u></p><p>Il existe des forums en ligne sur presque tous les sujets, où les utilisateurs peuvent poser des questions et obtenir des réponses d\'autres utilisateurs expérimentés. Ces forums peuvent être une source précieuse d\'informations et d\'aide pour naviguer sur internet.</p>',35),(4,'<p><u style=\"color: rgb(0, 61, 165);\">Étape 4 - Utiliser les guides et les tutoriels en ligne</u></p><p>Il existe de nombreux guides et tutoriels en ligne qui peuvent vous aider à comprendre les fonctionnalités et les outils de base d\'internet. Ces guides peuvent être trouvés en effectuant des recherches sur internet ou en utilisant des moteurs de recherche spécialisés pour les tutoriels.</p>',35),(5,'<p><u style=\"color: rgb(0, 61, 165);\">Étape 5 - Demander de l\'aide à un ami ou à un membre de la famille</u></p><p>Si vous êtes vraiment perdu, n\'hésitez pas à demander de l\'aide à un ami ou à un membre de la famille qui est à l\'aise avec internet. Ils pourront vous montrer comment naviguer sur internet et répondre à vos questions.</p>',35),(1,'<p><u style=\"color: rgb(0, 61, 165);\">Étape 1 - Télécharger l\'application Google Maps</u></p><p>Téléchargez l\'application Google Maps sur votre smartphone ou votre tablette. Cette application est gratuite et vous permettra de planifier des itinéraires en utilisant les lignes de bus, ainsi que les temps de trajet estimés.</p>',36),(2,'<p><u style=\"color: rgb(0, 61, 165);\">Étape 2 - Rechercher un lieu de départ et un lieu d\'arrivée</u></p><p>Ouvrez l\'application Google Maps et saisissez l\'adresse de votre lieu de départ et de votre lieu d\'arrivée dans la barre de recherche. Vous pouvez également utiliser les icônes pour sélectionner un lieu sur la carte.</p>',36),(3,'<p><u style=\"color: rgb(0, 61, 165);\">Étape 3 - Sélectionner l\'option \"Transports en commun\"</u></p><p>Après avoir saisi vos lieux de départ et d\'arrivée, vous verrez différentes options pour planifier votre itinéraire. Sélectionnez l\'option \"Transports en commun\" pour afficher les itinéraires disponibles en utilisant les lignes de bus.</p>',36),(4,'<p><u style=\"color: rgb(0, 61, 165);\">Étape 4 - Choisir un itinéraire</u></p><p>Google Maps affichera différents itinéraires possibles en utilisant les lignes de bus. Chacun d\'entre eux indiquera les lignes de bus à prendre, les arrêts et les temps de trajet estimés. Sélectionnez celui qui vous convient le mieux.</p>',36),(3,'<p><u style=\"color: rgb(0, 61, 165);\">Étape 5 - Suivre l\'itinéraire en temps réel</u></p><p>Une fois que vous avez sélectionné l\'itinéraire souhaité, vous pouvez suivre votre trajet en temps réel en utilisant l\'application Google Maps. Cela vous permettra de connaître les temps d\'attente des prochains bus et de vous assurer que vous ne manquez pas votre arrêt. Il est également possible de recevoir des notifications pour vous informer de l\'arrivée imminente d\'un bus.</p>',36),(1,'<p><u style=\"color: rgb(0, 61, 165);\">Étape 1 : Allumer le GPS</u></p><p>Allumez votre GPS ou application de navigation en appuyant sur le bouton marche/arrêt ou en le branchant à l\'alimentation. Attendez quelques instants pour que le GPS se mette à jour avec les satellites.</p><p>La différence : l\'application de navigation vous demandera une connexion internet</p>',37),(2,'<p><u style=\"color: rgb(0, 61, 165);\">Étape 2 : Entrer votre destination</u></p><p>Entrez l\'adresse de votre destination dans le GPS en utilisant le clavier. Vous pouvez également utiliser les icônes pour sélectionner une destination enregistrée ou récente.</p><p><br></p>',37),(3,'<p><u style=\"color: rgb(0, 61, 165);\">Étape 3 : Sélectionner un itinéraire</u></p><p>Après avoir entré votre destination, le GPS vous proposera plusieurs itinéraires possibles. Sélectionnez celui qui vous convient le mieux en fonction de vos préférences (temps, distance, évitement de certains types de routes, etc.).</p>',37),(4,'<p><u style=\"color: rgb(0, 61, 165);\">Étape 4 : Suivre l\'itinéraire</u></p><p>Une fois que vous avez sélectionné l\'itinéraire souhaité, le GPS vous guidera tout au long de votre trajet en vous indiquant les directions à suivre. Il vous informera également des instructions vocales pour les prochains virages et les changements de voies.</p><p><br></p>',37),(5,'<p><u style=\"color: rgb(0, 61, 165);\">Étape 5 : Ajuster les paramètres</u></p><p>Vous pouvez ajuster les paramètres de votre GPS pour personnaliser l\'affichage de l\'itinéraire, les instructions vocales, l\'évitement de certaines routes, etc. Consultez le manuel d\'utilisation de votre GPS pour connaître les options disponibles.</p><p>Astuce :</p><p>Il est préférable de mettre à jour régulièrement les cartes de votre GPS pour avoir une meilleure précision de navigation.</p>',37);

DROP TABLE IF EXISTS `badge`;

CREATE TABLE `badge` (
  `id` INT PRIMARY KEY NOT NULL AUTO_INCREMENT,
  `label` varchar(255) NOT NULL,
  `picture` varchar(255) NOT NULL
);

INSERT INTO `badge` (label, picture) VALUES 

('Connected', 'src/assets/Rewards/1.svg'), ('Security', 'src/assets/Rewards/2.svg'), ('Helped', 'src/assets/Rewards/3.svg'), ('Medias', 'src/assets/Rewards/4.svg'), ('Message', 'src/assets/Rewards/5.svg'), ('Welcome', 'src/assets/Rewards/6.svg'), ('Tuto', 'src/assets/Rewards/7.svg'), ('Game', 'src/assets/Rewards/8.svg'), ('Adventure', 'src/assets/Rewards/9.svg'), ('GoodWay', 'src/assets/Rewards/10.svg'), ('Profil', 'src/assets/Rewards/11.svg'), ('NewHorizons', 'src/assets/Rewards/12.svg');


DROP TABLE IF EXISTS `reward`;

CREATE TABLE `reward` (
  `id` INT PRIMARY KEY NOT NULL AUTO_INCREMENT,
  `badge_id` int,
  `user_id` int,
  `obtentionDate` timestamp NULL DEFAULT CURRENT_TIMESTAMP,
  FOREIGN KEY (badge_id) REFERENCES badge(id),
  FOREIGN KEY (user_id) REFERENCES user(id)
);

INSERT INTO `reward` (badge_id, user_id) VALUES
(6, 1), (6, 2), (6, 3), (6, 4), (6, 5), (6, 6);

SET FOREIGN_KEY_CHECKS = 1;
